# id,Prediction
1.0,81.0318271301459
2.0,57.1699687959741
3.0,77.13078643561879
4.0,161.932083386348
5.0,99.59903306207521
6.0,50.48508871861214
7.0,59.379438373477065
8.0,120.43908990670462
9.0,89.07583311254321
10.0,61.214136749717795
11.0,92.47042019236318
12.0,112.9567719492255
13.0,57.96627494408119
14.0,153.12753084959303
15.0,81.88623205393054
16.0,144.92005663733042
17.0,104.62113720055316
18.0,83.13869721192957
19.0,115.04593702683577
20.0,66.97165501989132
21.0,107.26124644616452
22.0,71.47789129350126
23.0,69.96118015263608
24.0,82.9790178673243
25.0,91.86822656029852
26.0,95.56135757427484
27.0,138.20732583990673
28.0,75.8707048508266
29.0,50.3845160012513
30.0,165.10005082020908
31.0,49.230040102668
32.0,118.32735130394354
33.0,53.24785320854895
34.0,66.82378674100681
35.0,129.51218081803296
36.0,46.26119447610418
37.0,62.259209081352004
38.0,81.56528781353188
39.0,86.33223370865362
40.0,62.444550455733825
41.0,83.33637051089951
42.0,120.80210770125193
43.0,63.4904310584044
44.0,110.80423893656774
45.0,71.01191970025812
46.0,65.79592384998904
47.0,111.92994224071852
48.0,42.50355648952251
49.0,68.10131860319434
50.0,98.82806964179983
51.0,125.33015103381516
52.0,93.30733795927372
53.0,108.18297749971201
54.0,77.57785523999047
55.0,85.20787375487836
56.0,104.81351610981235
57.0,64.42368794400598
58.0,60.726193670616325
59.0,118.77779911912947
60.0,80.86959397490625
61.0,143.59555236168407
62.0,74.09166327484148
63.0,98.17552267027061
64.0,110.34250715451655
65.0,134.21025107685094
66.0,75.85690542519826
67.0,74.02255626944022
68.0,80.82078858491121
69.0,98.41861058786577
70.0,61.91904304690201
71.0,161.62676930979703
72.0,147.58929459953026
73.0,80.6489124568844
74.0,76.90927629353789
75.0,152.51003924635958
76.0,70.7455582970643
77.0,47.126384169010784
78.0,65.8881334569104
79.0,55.77809238872799
80.0,100.14462684257957
81.0,90.61342359558638
82.0,59.262618125264275
83.0,126.7596594458799
84.0,68.21179905803923
85.0,59.67054784541031
86.0,166.06246861597276
87.0,113.81846265663128
88.0,84.35260131347357
89.0,69.19192752196268
90.0,99.8060736905498
91.0,82.15184772817548
92.0,80.71220732793516
93.0,76.91575841319168
94.0,103.15280663624378
95.0,74.26960781304163
96.0,111.8256252772291
97.0,147.11574140577895
98.0,85.59497557723658
99.0,67.43582446896409
100.0,148.38158771750946
101.0,101.62706759240945
102.0,126.83351991645223
103.0,129.55404315728933
104.0,158.89100265408155
105.0,145.3299299674207
106.0,117.55866690906338
107.0,102.7162784905009
108.0,64.05693334921801
109.0,115.57999426116235
110.0,83.43189914575298
111.0,101.29301204977496
112.0,83.69322740072049
113.0,167.77670547816854
114.0,121.25320731709809
115.0,120.14575899403975
116.0,101.22103030916924
117.0,63.61982798406527
118.0,147.26125976050983
119.0,167.12519917806907
120.0,86.26803645683202
121.0,99.70759456221292
122.0,103.44203969834138
123.0,126.38125242309827
124.0,78.90607199515445
125.0,62.47317235818712
126.0,93.90889458571546
127.0,78.98829547586767
128.0,83.71668155436855
129.0,106.45584853857443
130.0,111.5888325662733
131.0,101.83403584968596
132.0,84.89066205942478
133.0,84.30615874277015
134.0,124.20043409418473
135.0,117.55777291229077
136.0,45.03050043745159
137.0,126.97938946764526
138.0,64.69808281210025
139.0,84.14230620129729
140.0,95.71074938103601
141.0,99.81566497791762
142.0,48.1526483219815
143.0,109.98210961166032
144.0,85.22241102035365
145.0,148.9665619177707
146.0,90.63731228858731
147.0,69.57230445709338
148.0,152.25486699073974
149.0,73.205757342609
150.0,73.0259674520892
151.0,172.18741363048534
152.0,75.29256491282824
153.0,86.6161961334908
154.0,117.44170494757769
155.0,87.0378758508561
156.0,94.20674039696775
157.0,92.5103752361894
158.0,102.08105720343126
159.0,81.16042267064601
160.0,95.36009457798629
161.0,76.842509724659
162.0,94.34374442771745
163.0,98.30197430944945
164.0,122.54124948418742
165.0,85.60688619682617
166.0,123.55283912516845
167.0,70.18674691870699
168.0,114.262340974928
169.0,126.23579532621959
170.0,46.57712714730795
171.0,120.77841767822146
172.0,75.49732228315028
173.0,107.44452332986883
174.0,132.27441113908733
175.0,114.0654754435485
176.0,89.6935345548996
177.0,85.70329295055599
178.0,89.3214521901269
179.0,89.59480048600564
180.0,113.90313344790017
181.0,96.28908302235021
182.0,91.40543740683668
183.0,65.18951303157999
184.0,81.80283146654195
185.0,114.03727943705924
186.0,104.72977106738364
187.0,93.31422352119395
188.0,90.57357368058904
189.0,72.73143707725598
190.0,85.61452845402184
191.0,89.39181594573193
192.0,95.3103245609155
193.0,53.65926479518531
194.0,66.4746866938608
195.0,136.05023683172084
196.0,86.96242985424838
197.0,133.61322275311312
198.0,114.46170053056825
199.0,84.75619202706682
200.0,98.16806419809927
201.0,55.24653893841534
202.0,114.81995853950178
203.0,87.81154276769311
204.0,96.51872813101683
205.0,81.02784366124608
206.0,99.6856547854756
207.0,94.67158771314695
208.0,75.8300556216216
209.0,91.07752296997847
210.0,98.22612917207302
211.0,111.76283573881646
212.0,158.98929480854426
213.0,126.22905897735465
214.0,100.22250103419915
215.0,64.14359623570763
216.0,70.47921596396576
217.0,115.33213384771648
218.0,118.54800313101087
219.0,85.0237634049455
220.0,98.03383539531109
221.0,83.54990402193442
222.0,119.99015212982302
223.0,115.59119472421068
224.0,54.91848979887718
225.0,77.20398792440213
226.0,152.85599030727533
227.0,57.34116200822642
228.0,79.24319201377546
229.0,113.01789638092393
230.0,69.36261449749398
231.0,68.25210507867162
232.0,100.55730064850407
233.0,67.17648440321037
234.0,81.33736573562389
235.0,145.47732643759204
236.0,66.88598281687571
237.0,97.16107088752297
238.0,89.7889279939903
239.0,58.61048483632563
240.0,55.46582307009121
241.0,97.02509609734699
242.0,128.58406698168426
243.0,123.92853049337754
244.0,110.51713786331402
245.0,83.19733708888394
246.0,83.07643340374393
247.0,96.1524267742946
248.0,101.08067544487201
249.0,100.17257477530272
250.0,97.45101569433967
251.0,58.904180974232595
252.0,73.5725619604883
253.0,82.40470318618112
254.0,81.2577463118011
255.0,138.4758366409327
256.0,158.84332822038547
257.0,101.12910977813128
258.0,97.80726802892616
259.0,54.85131467517583
260.0,59.07081826786508
261.0,71.24062108872276
262.0,75.653030101428
263.0,55.564563677112716
264.0,192.7260236399209
265.0,136.25311011049618
266.0,117.70565299209437
267.0,72.61285690234097
268.0,85.76499432407701
269.0,177.1233781881068
270.0,117.11053498581117
271.0,91.43723703975706
272.0,76.31351677572178
273.0,93.9145974588726
274.0,54.862915636382645
275.0,92.04597479937965
276.0,76.69803506096565
277.0,111.88371272382241
278.0,84.86012403709634
279.0,117.94166036620166
280.0,137.0983317931687
281.0,114.4482647192674
282.0,132.87845587286543
283.0,89.85039648558092
284.0,78.70767947312996
285.0,58.07259179613847
286.0,81.14798345636525
287.0,107.86229328030242
288.0,144.41738504595253
289.0,86.02846954775774
290.0,77.85474053805812
291.0,100.0023449342307
292.0,72.99927087929518
293.0,85.83518082939787
294.0,149.18358055900907
295.0,92.15005654829434
296.0,133.4638193936467
297.0,75.9495836968396
298.0,148.29470611358047
299.0,94.85478863437154
300.0,71.57050921819675
301.0,84.34108679497497
302.0,74.90590789716708
303.0,106.44189449359527
304.0,133.83884027275408
305.0,153.24397525611928
306.0,67.86267566276346
307.0,131.85171482772745
308.0,87.61844923068192
309.0,104.14761521059272
310.0,84.6763645032859
311.0,102.07339216898782
312.0,71.61189697924003
313.0,124.30084964140207
314.0,81.36724945306845
315.0,131.09546843361068
316.0,105.6135804723844
317.0,111.43830840421833
318.0,87.34541353398123
319.0,113.75846446246912
320.0,185.16852794553773
321.0,93.77016381881347
322.0,110.47042146896318
323.0,65.32744499050975
324.0,73.92715663318786
325.0,128.9238947281484
326.0,83.04804296449993
327.0,78.40944547557848
328.0,110.79206129803207
329.0,100.81911948758841
330.0,67.65247931963728
331.0,97.71355623641348
332.0,101.53622129124523
333.0,84.82472255474057
334.0,60.06030798589414
335.0,117.92881153260126
336.0,90.46069505067894
337.0,95.37638365545396
338.0,127.04304761267215
339.0,116.8877083480689
340.0,63.10527859532491
341.0,102.05838004061731
342.0,55.36461721765845
343.0,62.60987317450247
344.0,113.60907936756911
345.0,58.7307030937925
346.0,114.03735395383734
347.0,75.26381162321071
348.0,103.84745607883826
349.0,60.53735574272324
350.0,77.00231601989425
351.0,130.2401591369322
352.0,56.27917494177644
353.0,143.91702784969027
354.0,91.73243860351197
355.0,203.17152870835002
356.0,71.41922858807939
357.0,161.01522493407134
358.0,98.78735949848617
359.0,54.40059458816417
360.0,91.49931864622131
361.0,87.14863789357219
362.0,108.00542526007217
363.0,161.43037369147612
364.0,89.34557606306213
365.0,116.95408772928675
366.0,95.88596173039274
367.0,92.14568246371773
368.0,103.66710826098752
369.0,85.19832577436162
370.0,118.15784198157063
371.0,113.88319210664723
372.0,95.17168870408429
373.0,114.42029534937501
374.0,66.22938323232714
375.0,134.5743624569866
376.0,76.02117454542325
377.0,76.24139207411635
378.0,89.37361298890413
379.0,165.2750246177447
380.0,84.58618897676982
381.0,64.17135881416158
382.0,111.84108278434316
383.0,118.8154476565619
384.0,103.2693281237303
385.0,69.67535899121577
386.0,131.01428860573
387.0,66.07991801330174
388.0,82.5335604869436
389.0,86.52857356148144
390.0,68.6084380348918
391.0,97.2541007662285
392.0,95.96288226301466
393.0,73.02514594044187
394.0,62.33200849833962
395.0,95.83082672578001
396.0,177.01275299803103
397.0,129.24957108679783
398.0,126.34990001783318
399.0,134.41876547948522
400.0,80.82900890633171
401.0,52.593942462109254
402.0,101.36491619794259
403.0,65.49084945074942
404.0,82.85245590060998
405.0,84.75005023369681
406.0,102.65240452633681
407.0,92.58129671393542
408.0,101.47263248554913
409.0,69.83167782884827
410.0,83.15489321544474
411.0,79.50063561641447
412.0,106.90042068789231
413.0,106.20834497234671
414.0,72.36993974593987
415.0,84.01415148853575
416.0,98.78241198791527
417.0,62.5775738382721
418.0,67.29164388625314
419.0,113.86027298936139
420.0,81.51173021731888
421.0,108.80648376110348
422.0,88.94545475631537
423.0,84.20752959081723
424.0,91.55729554257424
425.0,75.29685704885372
426.0,58.76008340260723
427.0,99.42002193296986
428.0,104.96372260597377
429.0,70.39160410090224
430.0,71.26350866916658
431.0,108.91815445912067
432.0,79.52872039197224
433.0,56.754129003745895
434.0,76.01479300516668
435.0,83.74365212674465
436.0,68.53160658152751
437.0,110.09179632751011
438.0,87.18627716253653
439.0,126.71692632776356
440.0,89.34934220725786
441.0,101.9586280116918
442.0,97.25484142268742
443.0,96.13634559522085
444.0,52.76062898212398
445.0,64.71894517859133
446.0,103.08689039327149
447.0,70.10730781035134
448.0,103.14958603965118
449.0,127.62417201793058
450.0,65.10455078886697
451.0,63.468841795689954
452.0,134.2198653994222
453.0,94.78815958982209
454.0,54.86583703913015
455.0,49.87171285500827
456.0,54.081871707980184
457.0,185.27783861806563
458.0,72.94758948398629
459.0,106.91290020244658
460.0,68.11002605865123
461.0,95.25898106122165
462.0,89.96588088487141
463.0,126.15426934861216
464.0,64.58934158209313
465.0,65.4611190127199
466.0,135.3292861853467
467.0,66.38221142092438
468.0,118.93256113726774
469.0,68.9453742097466
470.0,68.63718811680279
471.0,67.10036243205892
472.0,148.00880634716466
473.0,70.12496112810669
474.0,69.73762254257264
475.0,81.45569975568016
476.0,72.94119516899777
477.0,71.39746783908629
478.0,98.24451654103635
479.0,71.78601007293092
480.0,90.84093766584922
481.0,118.38216734803615
482.0,94.0305613400021
483.0,110.86111452674085
484.0,107.21836867600345
485.0,128.06542359985997
486.0,83.01198946421316
487.0,119.60741177978424
488.0,107.30360576402421
489.0,107.9007228912915
490.0,63.85287692009518
491.0,87.35060051870418
492.0,80.77776213275027
493.0,66.62371515110132
494.0,112.4017032789019
495.0,59.368883215254655
496.0,171.55450450712468
497.0,54.384056955465276
498.0,98.92267164082521
499.0,72.75034328686412
500.0,87.77757014809418
501.0,157.80455945355175
502.0,101.7103797069916
503.0,76.34363756874176
504.0,98.69476546858606
505.0,95.73305137424157
506.0,223.53165568561232
507.0,90.86042496820704
508.0,89.46019009152089
509.0,129.440494455357
510.0,101.23251449551546
511.0,93.4920699402291
512.0,67.58409855726035
513.0,89.44326616568763
514.0,83.00757004257713
515.0,89.35215318205948
516.0,83.10410105886362
517.0,91.71311382648125
518.0,119.56377509373998
519.0,61.096911703871115
520.0,64.33190428292298
521.0,126.83435848713799
522.0,94.59565490231107
523.0,66.35953335890562
524.0,116.82364522136484
525.0,67.08824992701989
526.0,149.52915575961757
527.0,60.57541529050895
528.0,171.03894913140934
529.0,88.86125417057082
530.0,89.71140315844488
531.0,60.47810984553818
532.0,87.41602544927281
533.0,113.80864174990705
534.0,105.08055309909916
535.0,63.78134334147572
536.0,55.5961507664446
537.0,90.51201124447942
538.0,108.42001321057188
539.0,121.7903192560048
540.0,64.67773151075102
541.0,80.28043796657053
542.0,58.04377347777308
543.0,118.37815624866906
544.0,117.43540922940105
545.0,111.56127596495163
546.0,63.10227454503248
547.0,70.7603045249065
548.0,60.51325489733487
549.0,120.50721515940725
550.0,52.72428564269333
551.0,118.03011034861775
552.0,93.62028897815347
553.0,68.49007295259578
554.0,64.61271690655711
555.0,114.55091199363864
556.0,67.95679507571106
557.0,103.32075122130647
558.0,52.216609286419896
559.0,79.55673722453852
560.0,153.41208632849364
561.0,92.24407408706098
562.0,148.176952265041
563.0,105.00297681272225
564.0,75.07301281721604
565.0,176.5331149385686
566.0,91.21634080514349
567.0,102.8805314531682
568.0,111.69274010380188
569.0,179.8818317920596
570.0,99.6947070326713
571.0,75.98712514854638
572.0,68.19447751315175
573.0,105.36496660958665
574.0,127.83528362830936
575.0,81.61888267047675
576.0,132.2553990371746
577.0,61.45783946753669
578.0,118.90908833677648
579.0,86.97417838532354
580.0,131.2793338391296
581.0,151.26753096753268
582.0,71.57259472124592
583.0,66.30304752629768
584.0,83.19201434554259
585.0,77.9408072847703
586.0,48.926693470084984
587.0,80.959226058472
588.0,104.99795122534607
589.0,69.41552842421319
590.0,74.3418075750073
591.0,71.76529973921818
592.0,110.50201924737135
593.0,81.6523462090284
594.0,113.12899113937877
595.0,122.96720101331522
596.0,94.1550923802421
597.0,142.5308758075999
598.0,128.89665066407835
599.0,97.97943937360752
600.0,98.15662263774145
601.0,173.00207860225728
602.0,78.15755862033319
603.0,63.221395164359805
604.0,114.66525557539902
605.0,100.63370238201301
606.0,60.22936019400083
607.0,142.91698658844365
608.0,81.47781514851016
609.0,68.52056394271901
610.0,60.28561752179178
611.0,72.01444248263039
612.0,75.36036601501088
613.0,152.32404697036176
614.0,76.95069423659962
615.0,72.21302278233505
616.0,54.19640443446045
617.0,90.02148729929989
618.0,127.75577052753822
619.0,50.50121753104466
620.0,94.70941840019077
621.0,154.94437102364807
622.0,92.92400695889563
623.0,121.65087824065995
624.0,103.73260639884906
625.0,93.12743798091891
626.0,80.91920622596983
627.0,60.59722391857343
628.0,127.15791737383645
629.0,69.70564229336904
630.0,93.0222132884842
631.0,89.71458638042752
632.0,135.19783870320427
633.0,57.02132400001977
634.0,50.90018896548045
635.0,86.17391063608402
636.0,71.56031061268122
637.0,75.01167878030556
638.0,99.6457631714782
639.0,84.54477693697062
640.0,149.72085989502375
641.0,164.9448712493929
642.0,102.85587776631242
643.0,86.44868003367363
644.0,166.5034105914125
645.0,106.06146564516908
646.0,155.4333352405232
647.0,90.09974733691554
648.0,112.33245801551028
649.0,65.99688430833051
650.0,106.61566247364063
651.0,71.73978276334708
652.0,86.72254645454245
653.0,140.16528609297754
654.0,68.86281047707925
655.0,62.722545650559674
656.0,157.12557005447593
657.0,71.03787013569591
658.0,84.53972742306627
659.0,122.40534215660922
660.0,76.41525700990326
661.0,155.78799211052882
662.0,70.77853167619442
663.0,98.38417114357787
664.0,107.32319731687683
665.0,100.62942016337746
666.0,69.12022818080483
667.0,71.20159074060997
668.0,66.48681727552781
669.0,111.78148929356075
670.0,66.53795614068565
671.0,78.11416932147192
672.0,86.17141895681559
673.0,88.77396643656964
674.0,82.38794223017138
675.0,87.25230572403399
676.0,124.02454926537715
677.0,69.48441880978133
678.0,133.50013573721245
679.0,92.64318102545552
680.0,124.52464775633118
681.0,104.94636555015308
682.0,83.81055781542653
683.0,72.07723232173213
684.0,106.92281555100477
685.0,64.49230084789365
686.0,112.26520269027743
687.0,93.45918241287386
688.0,147.47285791319348
689.0,94.20396858402216
690.0,131.93175230995763
691.0,54.22310471963343
692.0,82.28235253756593
693.0,57.34584494099642
694.0,92.62552723190018
695.0,112.15759904681039
696.0,119.18617263850946
697.0,91.20523246174541
698.0,78.9546015934656
699.0,122.04015365755862
700.0,115.37392594553552
701.0,133.05515298545865
702.0,98.20275629729599
703.0,70.18153257997717
704.0,83.72858339125675
705.0,77.99703680573054
706.0,87.3434748903528
707.0,116.50502867734468
708.0,88.88981773509127
709.0,96.62966285681118
710.0,90.06026054508844
711.0,155.0364362688836
712.0,83.80662129932527
713.0,99.3725629490991
714.0,111.1808759488741
715.0,181.26501113522954
716.0,63.212579315780594
717.0,99.57131489098487
718.0,79.51959144954691
719.0,108.2683414945084
720.0,60.712049019935165
721.0,64.56717292196532
722.0,104.36036835187619
723.0,103.01680499239995
724.0,140.91645406479398
725.0,84.8635280381116
726.0,84.30615874277015
727.0,137.12155591188105
728.0,88.3859952565589
729.0,88.12871245846708
730.0,85.04821155530672
731.0,77.7210541205282
732.0,77.85793255667697
733.0,40.29935599241027
734.0,83.0896187353027
735.0,137.03233988610225
736.0,113.21966151213708
737.0,109.52747211063223
738.0,88.20954178946701
739.0,126.50391984425612
740.0,70.62644724955275
741.0,113.23113738164517
742.0,96.99979272396502
743.0,77.00810747803055
744.0,101.16788869284969
745.0,128.20258266699665
746.0,96.25284640417898
747.0,85.48319332968781
748.0,67.74273527729328
749.0,71.51437353445648
750.0,86.00382652522802
751.0,77.91956946245405
752.0,77.36633729202238
753.0,59.830246556430865
754.0,82.95018493385237
755.0,56.47882467164431
756.0,123.50104760058986
757.0,132.5170599523675
758.0,81.13704055118774
759.0,66.7739889087144
760.0,174.29048998502878
761.0,50.01507954114653
762.0,66.83837180334005
763.0,88.83262940608769
764.0,108.62545053641759
765.0,58.03619618318674
766.0,60.91713675021971
767.0,54.43802156997309
768.0,146.01713404569878
769.0,76.39146052529179
770.0,56.4034433575683
771.0,80.87247618081811
772.0,122.4957717475352
773.0,100.54241704632143
774.0,80.8889249172002
775.0,63.971018062810586
776.0,75.84144079113715
777.0,133.60510479743414
778.0,85.86658265103569
779.0,106.63299670178391
780.0,75.37942203491222
781.0,64.05864961716713
782.0,92.03370331499417
783.0,97.14413015747711
784.0,96.16070168325015
785.0,109.38243459392588
786.0,60.54242050714208
787.0,129.11739108747983
788.0,75.97705642193074
789.0,95.77194600412945
790.0,111.83238002550242
791.0,92.80306182725498
792.0,76.38737596796297
793.0,96.80513221051805
794.0,141.72583352135993
795.0,77.84294559093868
796.0,61.56531793155726
797.0,76.95005813306608
798.0,84.85803300347993
799.0,110.2080945998627
800.0,79.79739615603735
801.0,80.38504144051609
802.0,111.76320567979805
803.0,95.85930126037337
804.0,95.25014138686304
805.0,69.42505411992315
806.0,73.08986233404723
807.0,58.17428239631258
808.0,74.8194416082975
809.0,81.4334330267958
810.0,95.34411789969222
811.0,97.66791955506181
812.0,64.0217365609547
813.0,65.98232198447404
814.0,72.60126205684229
815.0,98.64900682602769
816.0,135.7270624238327
817.0,59.02825585603333
818.0,82.43847703620287
819.0,93.32684630028514
820.0,140.5464783434795
821.0,84.89127118189035
822.0,92.11925828485877
823.0,187.68661823530522
824.0,99.06304707421366
825.0,95.59594651595113
826.0,66.38035627655776
827.0,118.62104186077396
828.0,45.501847513704384
829.0,83.80154330712229
830.0,95.77847388393553
831.0,64.14859440184654
832.0,79.47090504388565
833.0,103.17380757401652
834.0,110.42060609145116
835.0,98.4512638534067
836.0,109.07706974888168
837.0,95.35456896485067
838.0,62.1593092059772
839.0,95.05602884631176
840.0,106.74635600595533
841.0,146.10357309261875
842.0,96.86578511401197
843.0,115.40430287826624
844.0,116.81922012025204
845.0,144.46243949776027
846.0,77.36294572745828
847.0,139.40841219488237
848.0,61.2026107625201
849.0,65.45522355311931
850.0,97.18955962329576
851.0,95.01811785086676
852.0,157.72707472819073
853.0,210.13925667332927
854.0,86.73788855915431
855.0,71.50398415359467
856.0,56.53566302139497
857.0,108.97495298284372
858.0,70.79974744047706
859.0,144.59792739989427
860.0,126.57518153392851
861.0,49.80556717176914
862.0,61.044438849598386
863.0,47.07802451798979
864.0,52.722150558359424
865.0,112.39071559936305
866.0,91.5301936988415
867.0,73.76131722768258
868.0,126.90028121953335
869.0,95.58275261347163
870.0,113.48440285244394
871.0,60.556021670907235
872.0,128.30578185649088
873.0,127.76315607772027
874.0,130.2733984540131
875.0,76.9479130014533
876.0,99.6672960035367
877.0,99.00074566754101
878.0,70.56915154409232
879.0,48.17929626303218
880.0,90.00896980077161
881.0,105.54017599530974
882.0,76.67697307402186
883.0,84.6997603839208
884.0,74.66859423358179
885.0,117.77634159230999
886.0,135.10810261304113
887.0,67.38953573106421
888.0,146.73792874572217
889.0,150.99112087290055
890.0,82.3760791253469
891.0,63.52832566763281
892.0,103.6355854502597
893.0,144.48426103243526
894.0,125.66602204529343
895.0,105.46667243024808
896.0,156.823720793446
897.0,115.13770387144382
898.0,66.51775052903486
899.0,91.5876648411582
900.0,103.9730278047251
901.0,89.72821572115986
902.0,56.53034443379881
903.0,90.35570502552301
904.0,101.72035934021588
905.0,100.45637651557281
906.0,121.32932597018352
907.0,55.57032557445128
908.0,98.56898187517574
909.0,62.40650629946154
910.0,110.29386976277122
911.0,104.42275063404367
912.0,68.83589335470771
913.0,105.74033308692547
914.0,166.10815477562429
915.0,112.00488246550816
916.0,82.64208185227702
917.0,57.20064444085462
918.0,111.13141629723388
919.0,73.6101296165615
920.0,63.431927220420135
921.0,115.79483614933078
922.0,83.36060691382893
923.0,67.50602431820681
924.0,135.39961193599206
925.0,99.20117776708177
926.0,121.30744549388561
927.0,57.645892927242066
928.0,97.80281139291154
929.0,66.81868979090329
930.0,96.97222421239049
931.0,83.7186166376758
932.0,121.36804696116648
933.0,66.83300915323531
934.0,62.908274968770556
935.0,72.84735680259156
936.0,77.04022935930978
937.0,58.74568925323442
938.0,60.60702215422626
939.0,92.2254200892864
940.0,77.95862296285753
941.0,113.88887042423237
942.0,126.24961767583906
943.0,76.09936458930926
944.0,84.96540297159095
945.0,55.29657498665268
946.0,84.76153299966484
947.0,113.71985492036146
948.0,68.91950700201556
949.0,86.17874994871107
950.0,116.02710651377723
951.0,97.12969727097922
952.0,72.66015900100484
953.0,92.30912729042852
954.0,72.07777456144693
955.0,103.24489321552836
956.0,77.42728113070464
957.0,77.72527617002056
958.0,65.66031652817442
959.0,81.01580765014683
960.0,102.8108887573598
961.0,119.03842950437856
962.0,84.89237032033822
963.0,109.50192051077337
964.0,131.32780330596373
965.0,236.29911485647824
966.0,50.429093572819355
967.0,54.71256801880986
968.0,109.69611983945839
969.0,88.23391804870958
970.0,67.3671351459244
971.0,57.49561095810038
972.0,113.32922146717311
973.0,141.9458038730445
974.0,82.91933375609943
975.0,70.81299074389166
976.0,92.76057164058963
977.0,94.88391651591733
978.0,81.70338986883064
979.0,69.85823715557416
980.0,67.34662047568568
981.0,67.1322301880798
982.0,82.4386573577432
983.0,111.7611315438576
984.0,77.68780271433076
985.0,159.68383911925866
986.0,94.61495500794923
987.0,128.34329083363366
988.0,107.61546650744428
989.0,121.91109437929289
990.0,104.08092085377251
991.0,61.53849202726625
992.0,81.60191628397966
993.0,167.28042021753086
994.0,123.89231782993046
995.0,134.02536768425324
996.0,99.9238549122087
997.0,74.74771267072302
998.0,107.88099052645174
999.0,100.52133623479732
1000.0,86.96332655412137
1001.0,124.4211015200775
1002.0,100.76219380569789
1003.0,144.07347608085618
1004.0,66.67346733385969
1005.0,45.74357808066105
1006.0,77.72533222617395
1007.0,96.64943005843162
1008.0,161.40753895471045
1009.0,69.86314186097349
1010.0,49.39216882864383
1011.0,163.1246162611084
1012.0,121.52974239464258
1013.0,92.09722717050198
1014.0,112.20388234720434
1015.0,121.99594610590192
1016.0,72.94249241880395
1017.0,78.39950848798607
1018.0,66.53945952227856
1019.0,108.18456565752255
1020.0,65.50941707439732
1021.0,87.41514718960018
1022.0,72.6886518349533
1023.0,78.02003061167159
1024.0,57.6669905752885
1025.0,116.77056264894681
1026.0,96.17128450914608
1027.0,84.75487957846777
1028.0,64.44379003295369
1029.0,115.79554989920436
1030.0,62.551940808426735
1031.0,68.08973633319358
1032.0,107.73216522260833
1033.0,51.89044759672991
1034.0,142.95561573790073
1035.0,90.95544288063428
1036.0,87.21797125305731
1037.0,75.55149907434392
1038.0,81.02197514594599
1039.0,82.27244407569685
1040.0,83.50730273458464
1041.0,96.8537722051223
1042.0,89.06482528084817
1043.0,116.66315047741143
1044.0,106.29959247716789
1045.0,102.24521563806262
1046.0,106.385317912597
1047.0,120.98159252695447
1048.0,47.81571574986766
1049.0,54.1748276434853
1050.0,86.88220728709422
1051.0,68.98804323759721
1052.0,77.7849626243957
1053.0,90.78921808604906
1054.0,81.4138789606655
1055.0,65.5167184494075
1056.0,134.9767679817838
1057.0,72.9688112916426
1058.0,87.29047658488675
1059.0,98.3608147183643
1060.0,136.0302684180457
1061.0,72.69043696815118
1062.0,88.86213926919783
1063.0,74.71215481203242
1064.0,127.49330107926092
1065.0,134.26460082254957
1066.0,82.3188010339428
1067.0,61.63990232320017
1068.0,72.49369687460519
1069.0,89.48324226876042
1070.0,69.00937489155213
1071.0,106.83660828680071
1072.0,177.8114897612553
1073.0,63.768505480216085
1074.0,81.16390722600275
1075.0,96.97666306334277
1076.0,68.04042156238833
1077.0,75.37253654961711
1078.0,77.2276772730821
1079.0,101.49756348386023
1080.0,62.63805616668318
1081.0,63.27763425354119
1082.0,81.96782251132456
1083.0,96.86360184263712
1084.0,62.40720543962081
1085.0,125.49527732236106
1086.0,59.104338575435726
1087.0,143.36632347323768
1088.0,131.55465536033427
1089.0,70.42157248658712
1090.0,85.83540940666893
1091.0,104.99803221278972
1092.0,78.68681281782375
1093.0,77.82424078534652
1094.0,80.59218967842475
1095.0,45.75916335126047
1096.0,138.8467642341679
1097.0,104.22071412721836
1098.0,69.32003505518246
1099.0,113.3061445927843
1100.0,112.86931848526484
1101.0,116.25558776091508
1102.0,99.56007537701593
1103.0,93.42695951295546
1104.0,61.48945766073401
1105.0,157.54182710817673
1106.0,98.13175062110697
1107.0,88.43708565741025
1108.0,66.13017200169367
1109.0,160.49955579961085
1110.0,73.42165502870986
1111.0,111.79409139168409
1112.0,97.84287700589594
1113.0,105.0066346968208
1114.0,119.96110517558623
1115.0,61.57601715674045
1116.0,85.11463955857089
1117.0,106.28726169161162
1118.0,73.2470780478084
1119.0,61.32641313545749
1120.0,57.521846802716176
1121.0,111.51939356671794
1122.0,154.0777261968132
1123.0,105.86866163951133
1124.0,81.28711446033742
1125.0,66.17475472132347
1126.0,84.95034281251566
1127.0,92.42219421896712
1128.0,88.20016890128487
1129.0,92.20103649615614
1130.0,136.5000962019356
1131.0,91.21609369988259
1132.0,99.12205150174296
1133.0,87.0349935643748
1134.0,103.16480637433293
1135.0,103.65653778820993
1136.0,104.39963251363824
1137.0,58.24175330300664
1138.0,123.00386547677016
1139.0,81.19566991385325
1140.0,65.54011394724569
1141.0,134.36590821529313
1142.0,131.97598300872312
1143.0,72.2749535029257
1144.0,68.0592056263317
1145.0,129.16596883844025
1146.0,46.06659329799066
1147.0,76.84327033624767
1148.0,68.51680432987708
1149.0,91.09174236276459
1150.0,63.77031327645644
1151.0,123.27297621876427
1152.0,137.53321947207033
1153.0,45.459375148378975
1154.0,75.57029640370808
1155.0,79.07593419328033
1156.0,114.03629187126509
1157.0,51.30991964067819
1158.0,55.73624150121252
1159.0,71.31638604741853
1160.0,124.6862967641932
1161.0,83.9175281583511
1162.0,134.68947864864333
1163.0,90.72673415853605
1164.0,70.95636258974122
1165.0,92.6718657503697
1166.0,93.53459097790395
1167.0,97.63570378523933
1168.0,157.48649028795097
1169.0,80.98235733584787
1170.0,150.67389052248112
1171.0,72.666362672808
1172.0,91.63091100380336
1173.0,122.38547435437802
1174.0,102.84133143533904
1175.0,75.29227929727338
1176.0,103.8183146605914
1177.0,101.59688272506837
1178.0,113.15127335907609
1179.0,148.1120505144047
1180.0,78.02613160696423
1181.0,86.50084847645563
1182.0,132.08220256448956
1183.0,140.30145358210464
1184.0,88.05717391361055
1185.0,121.57994874347244
1186.0,134.9310823844679
1187.0,70.79809112865046
1188.0,61.422328929318546
1189.0,55.43465002593132
1190.0,59.94430263551793
1191.0,72.92337634872106
1192.0,88.22609984533779
1193.0,67.46018098766358
1194.0,66.34637251162938
1195.0,79.7796407475015
1196.0,79.17993121238054
1197.0,130.13991359396363
1198.0,157.3620034460933
1199.0,70.8268156813477
1200.0,149.46371397954
1201.0,74.32132665597513
1202.0,97.59814689142756
1203.0,67.77006634877033
1204.0,147.36531257133004
1205.0,153.51055327988445
1206.0,80.84276448938861
1207.0,125.65955831584087
1208.0,77.14694757145269
1209.0,120.97942370776804
1210.0,66.34780688856472
1211.0,70.8482949480152
1212.0,105.04184608202455
1213.0,95.61721157541568
1214.0,77.14006366734118
1215.0,136.9861048542854
1216.0,96.00370707888129
1217.0,136.06853595662471
1218.0,87.67326736571013
1219.0,96.88010423949312
1220.0,65.14899429880927
1221.0,72.75779431070097
1222.0,109.4735376883554
1223.0,64.02960671233083
1224.0,65.50520343962158
1225.0,54.14589227187136
1226.0,63.612962339465916
1227.0,101.54828846363867
1228.0,120.3210922542516
1229.0,66.55527427890323
1230.0,75.95708775154013
1231.0,57.94999371199237
1232.0,98.835487468024
1233.0,91.59860954719203
1234.0,81.63820267847073
1235.0,81.83357911943273
1236.0,74.38980720145945
1237.0,176.12387304705408
1238.0,105.56456405727847
1239.0,79.35662107080095
1240.0,98.63049849262639
1241.0,78.4462082988502
1242.0,39.10535314414621
1243.0,86.0029127766646
1244.0,100.7092529761764
1245.0,53.607487904073984
1246.0,61.24142085055572
1247.0,143.36945441113957
1248.0,77.11122369461722
1249.0,113.66627644564124
1250.0,71.02354046748086
1251.0,77.6634662364514
1252.0,84.44855446914589
1253.0,112.73415418700868
1254.0,148.93795764367317
1255.0,83.2289279706161
1256.0,92.36397730424264
1257.0,83.15138002262204
1258.0,83.89544683041366
1259.0,82.57972425579167
1260.0,68.0658061852037
1261.0,92.89969156178336
1262.0,126.1874352772714
1263.0,101.91889657791246
1264.0,74.54566812266393
1265.0,94.20925405057815
1266.0,78.52577649467793
1267.0,72.55840482145908
1268.0,68.09500776533119
1269.0,99.02290398661347
1270.0,84.95759736563818
1271.0,114.82168524194003
1272.0,74.5468873171658
1273.0,86.45707902596445
1274.0,144.22063386426146
1275.0,66.64202540209388
1276.0,75.01524094937179
1277.0,74.4863490155765
1278.0,83.09887111854886
1279.0,79.5990943755552
1280.0,130.02525216163633
1281.0,149.0855359757894
1282.0,97.16812224948605
1283.0,85.8041614688796
1284.0,122.70251683460106
1285.0,54.81856142082177
1286.0,170.82353260999534
1287.0,85.51570922289922
1288.0,98.52340522352713
1289.0,83.37253558350501
1290.0,77.56693246563098
1291.0,148.93261420592856
1292.0,65.36126381465081
1293.0,117.43762113027122
1294.0,58.06928633871186
1295.0,72.02842699997362
1296.0,99.32271390060347
1297.0,64.51102129879769
1298.0,90.42689512205884
1299.0,145.91900626633333
1300.0,64.32366050293311
1301.0,93.24832550810652
1302.0,112.07161454844397
1303.0,90.13193315556106
1304.0,105.40688920587415
1305.0,78.92667879423632
1306.0,111.78962422090183
1307.0,136.04561223330523
1308.0,126.66819698576415
1309.0,89.29481544114842
1310.0,115.78216790330309
1311.0,67.75577252299772
1312.0,61.71972486334112
1313.0,80.42371635543036
1314.0,127.93177078846416
1315.0,119.00458344117267
1316.0,52.65667089696018
1317.0,88.60076955565299
1318.0,97.48258639927654
1319.0,111.48955921780083
1320.0,93.14306661294233
1321.0,64.87413056188859
1322.0,88.74004496762558
1323.0,80.88352979164034
1324.0,69.51421856524077
1325.0,61.95180305886434
1326.0,92.65420872791945
1327.0,79.34695364260085
1328.0,67.94845444704106
1329.0,79.55456931225723
1330.0,80.82043748075645
1331.0,73.49337075988798
1332.0,60.216257909609645
1333.0,95.43127669689538
1334.0,66.20537203378154
1335.0,87.39463387561905
1336.0,92.04739975419099
1337.0,142.3003727312211
1338.0,89.44463220053512
1339.0,106.95593773771529
1340.0,111.96558410779416
1341.0,106.52950846717732
1342.0,69.96042302316344
1343.0,73.69441112558042
1344.0,49.39389601426847
1345.0,127.63223910732015
1346.0,89.2746329771483
1347.0,54.004904543248244
1348.0,69.75243506692145
1349.0,111.85313211527877
1350.0,88.27785959271824
1351.0,168.7342448766898
1352.0,76.55647728339642
1353.0,84.06596275572213
1354.0,110.5828202160126
1355.0,202.41408487230657
1356.0,74.60323531008265
1357.0,88.50384571617421
1358.0,66.33655420911013
1359.0,99.42180672582288
1360.0,196.2041608479364
1361.0,113.49518966563903
1362.0,90.09230927276546
1363.0,139.01955607846
1364.0,63.96752635495862
1365.0,60.861330158280026
1366.0,188.90388325050026
1367.0,57.155830975144504
1368.0,84.74045592362489
1369.0,72.20245331293086
1370.0,63.0090290933393
1371.0,130.2483736554969
1372.0,70.46118658988763
1373.0,74.9325110223941
1374.0,138.92034019561368
1375.0,77.28388247637471
1376.0,88.8704970286287
1377.0,78.61349291142928
1378.0,82.2296004746146
1379.0,76.8979936082057
1380.0,65.20224112617767
1381.0,164.2874842938417
1382.0,137.0388865684864
1383.0,67.57479403517422
1384.0,112.9132494647558
1385.0,126.40438764470251
1386.0,95.14943303949138
1387.0,69.65617669888482
1388.0,92.70151252963817
1389.0,78.3932800921889
1390.0,67.24278100987246
1391.0,63.49308338507995
1392.0,90.59287278657735
1393.0,111.95085941378134
1394.0,158.01052794931584
1395.0,116.82501152498432
1396.0,61.97870991970563
1397.0,155.4640294950556
1398.0,88.37848608459448
1399.0,71.532984226366
1400.0,82.95291523129879
1401.0,117.81681172413816
1402.0,84.09989229009119
1403.0,104.35231382746366
1404.0,273.8496165511515
1405.0,66.66476258769076
1406.0,125.25855154523765
1407.0,91.18032824665237
1408.0,88.65961649688435
1409.0,106.44726161334118
1410.0,104.59687392966265
1411.0,93.6851576648101
1412.0,93.64586128292629
1413.0,87.13252077710459
1414.0,130.0523246031281
1415.0,121.10939420613788
1416.0,83.82425812172187
1417.0,75.05118069306648
1418.0,104.71340896247477
1419.0,69.47059288630483
1420.0,72.10738346434782
1421.0,90.17626081850847
1422.0,69.44500721891411
1423.0,55.59527305105018
1424.0,89.35168258724994
1425.0,153.5891392919936
1426.0,143.52317851208898
1427.0,71.7181614485776
1428.0,120.81892863811987
1429.0,74.4462848228498
1430.0,132.81563537023908
1431.0,67.63251585554484
1432.0,96.73739463365733
1433.0,77.40858390532756
1434.0,105.98110584103695
1435.0,113.76445948053885
1436.0,129.8748817826885
1437.0,88.96521263219785
1438.0,53.13909124870064
1439.0,150.51376417518165
1440.0,72.84625026881562
1441.0,101.85526440465122
1442.0,66.38598617647234
1443.0,125.4101043071164
1444.0,67.79992949165627
1445.0,74.87076401792918
1446.0,87.34137488535679
1447.0,81.62851803291768
1448.0,101.8059911490009
1449.0,67.09568230903812
1450.0,134.9902082807229
1451.0,78.25752834556621
1452.0,131.8690556041395
1453.0,48.95338367565057
1454.0,65.65006379891442
1455.0,100.22714733221746
1456.0,81.645503601483
1457.0,136.644960514002
1458.0,77.56240913799456
1459.0,85.81707943371322
1460.0,117.05545530069483
1461.0,132.48660538886418
1462.0,53.57460650852021
1463.0,54.54026508063281
1464.0,75.70106854796335
1465.0,136.64170455965618
1466.0,108.34211636572621
1467.0,97.41316850212749
1468.0,75.2384739939498
1469.0,111.14268272586372
1470.0,63.702190689511
1471.0,106.82362036107591
1472.0,67.46773173746766
1473.0,100.20936031367467
1474.0,110.290421505995
1475.0,102.60221667075139
1476.0,54.459441546217946
1477.0,73.88348672501353
1478.0,70.5420503881441
1479.0,110.06253772487507
1480.0,70.86997947472008
1481.0,98.1410907114113
1482.0,142.5264677249124
1483.0,140.6867352509254
1484.0,99.17611157289949
1485.0,108.90009956505686
1486.0,96.51423492260419
1487.0,130.26652028769598
1488.0,113.42739941792439
1489.0,70.73810576802326
1490.0,145.967071776717
1491.0,96.13843324303313
1492.0,87.85382816049315
1493.0,92.97516114566972
1494.0,65.24017645839534
1495.0,68.89151188602668
1496.0,100.90968586531717
1497.0,76.46731807810707
1498.0,89.16473430582894
1499.0,70.53679785048529
1500.0,124.21507327721322
1501.0,91.55030119730966
1502.0,63.02793961544117
1503.0,69.53395388969005
1504.0,63.50218106455337
1505.0,91.91718986165297
1506.0,76.21185914753367
1507.0,162.1837591916677
1508.0,104.7476683585991
1509.0,92.70969721517655
1510.0,130.59900833346177
1511.0,99.17536251966213
1512.0,70.28362485506722
1513.0,108.67896438111605
1514.0,61.3142164375087
1515.0,75.92287282686381
1516.0,59.2253788649006
1517.0,136.7740368887475
1518.0,126.48163130372284
1519.0,97.07885067295375
1520.0,75.27109549015621
1521.0,106.39368026652109
1522.0,65.20991710768027
1523.0,110.36421168079015
1524.0,105.45286118229069
1525.0,148.96725146649447
1526.0,95.23987831656312
1527.0,61.08790421689374
1528.0,87.59904712048167
1529.0,80.94881609391439
1530.0,89.65681900667526
1531.0,89.42309621980769
1532.0,97.16796749642457
1533.0,71.0038590759288
1534.0,95.36259472271728
1535.0,85.10795834586935
1536.0,150.53004150347084
1537.0,78.43317844227107
1538.0,68.49610822298055
1539.0,49.11350339899373
1540.0,139.8619909960687
1541.0,127.2680234643783
1542.0,113.3486431466107
1543.0,143.48750427692258
1544.0,97.15964709860239
1545.0,50.08764534402448
1546.0,92.48103332006316
1547.0,72.7952728527844
1548.0,110.56661453101223
1549.0,61.407059389017576
1550.0,68.93783190114294
1551.0,76.37628462982707
1552.0,109.55340358068517
1553.0,102.21301931633931
1554.0,75.39055371687726
1555.0,99.50202504510142
1556.0,127.1299355768179
1557.0,108.22749216037454
1558.0,112.49268826920738
1559.0,91.4154722893798
1560.0,73.18662614053194
1561.0,99.84543632108293
1562.0,88.98387208618357
1563.0,91.39479407275985
1564.0,97.19220486178477
1565.0,59.745463383148234
1566.0,66.87787818841186
1567.0,94.2438161002543
1568.0,91.84182178174491
1569.0,72.79742045077313
1570.0,79.34652972963104
1571.0,60.706391934000266
1572.0,75.2503395246798
1573.0,193.7576889323989
1574.0,112.5472732895361
1575.0,102.62858701670329
1576.0,69.79992874825216
1577.0,71.35254547327101
1578.0,103.08769566548484
1579.0,96.5799418071217
1580.0,45.75538443313671
1581.0,87.92235540731878
1582.0,85.66962194923184
1583.0,112.12180688376014
1584.0,128.0682383806003
1585.0,108.32812260302343
1586.0,88.73053495190965
1587.0,66.01612350883934
1588.0,110.96408749454433
1589.0,52.88471256639386
1590.0,114.3503757291654
1591.0,74.60233992784111
1592.0,117.65030613445907
1593.0,56.91273857189309
1594.0,76.61884997126742
1595.0,86.86346065885452
1596.0,89.19862067766904
1597.0,117.83355734070454
1598.0,129.33585261185695
1599.0,125.34108507934383
1600.0,73.08905966853824
1601.0,99.93373607150617
1602.0,118.17664729544676
1603.0,66.99905702655083
1604.0,149.9086765207852
1605.0,99.89121784785078
1606.0,94.05173061551909
1607.0,102.08041489119718
1608.0,71.54301397445667
1609.0,49.26967270301625
1610.0,129.0457263226095
1611.0,106.04990818420787
1612.0,92.60901288839773
1613.0,60.01963652923327
1614.0,90.849598781069
1615.0,84.4578873135719
1616.0,110.68461318635049
1617.0,56.158768560083075
1618.0,144.0071952447343
1619.0,77.27485305738905
1620.0,80.49023792042149
1621.0,174.7249465858722
1622.0,81.0494583340682
1623.0,64.9979596477124
1624.0,68.23297337280081
1625.0,141.69914779802843
1626.0,99.45431070516155
1627.0,87.20923644476751
1628.0,87.89293859364489
1629.0,160.3351879496926
1630.0,108.72660956544489
1631.0,68.46388267394588
1632.0,112.87075439696484
1633.0,52.69822312883469
1634.0,92.10035918544082
1635.0,96.64388793601007
1636.0,167.99263591673082
1637.0,104.79627393121558
1638.0,63.55533923026946
1639.0,67.17585708837858
1640.0,59.72543197852172
1641.0,185.23443731208343
1642.0,81.22139455394213
1643.0,74.05979907576261
1644.0,55.645423655171534
1645.0,83.40668527622087
1646.0,94.31453730296154
1647.0,108.48732420628976
1648.0,141.99223899920923
1649.0,86.0661758258181
1650.0,174.78463097125234
1651.0,98.76336100277975
1652.0,95.95583886051222
1653.0,63.300014028954564
1654.0,84.17026326313743
1655.0,114.99635604338391
1656.0,64.44628909248154
1657.0,51.65601232060314
1658.0,72.87627534048214
1659.0,87.57403331541553
1660.0,93.87464376770913
1661.0,90.21533783538574
1662.0,209.9385964611091
1663.0,59.174594824599495
1664.0,71.31419221930584
1665.0,128.2612555098112
1666.0,150.16379307035777
1667.0,87.98016907141252
1668.0,91.91650255122065
1669.0,93.68369181934571
1670.0,94.1631368641919
1671.0,105.14459010061675
1672.0,106.30354771625522
1673.0,60.57771933004978
1674.0,200.17388633775892
1675.0,63.432493940815704
1676.0,125.27894818999602
1677.0,131.62512131619
1678.0,69.53248535554707
1679.0,97.60459462628297
1680.0,59.092107396926764
1681.0,75.7566014762752
1682.0,91.58109428042489
1683.0,61.82077812813058
1684.0,154.87137122742197
1685.0,68.22591489460154
1686.0,51.839316560841844
1687.0,82.37389361552867
1688.0,109.94778828446881
1689.0,77.38296663519083
1690.0,56.25310445155521
1691.0,61.00850713530508
1692.0,136.25427047172437
1693.0,99.37405911072527
1694.0,64.23201212224191
1695.0,188.79617554430217
1696.0,118.41249346586044
1697.0,168.59420625061844
1698.0,74.67104939635864
1699.0,67.69939317182008
1700.0,94.26525517089866
1701.0,111.27991751574011
1702.0,63.53548098242725
1703.0,111.75144678094449
1704.0,70.19821159868447
1705.0,79.437340173572
1706.0,69.26851819326082
1707.0,98.67307220365242
1708.0,58.337299270637715
1709.0,58.53578015771987
1710.0,114.6391648586103
1711.0,77.16948491394524
1712.0,116.85179876947124
1713.0,134.13451315716526
1714.0,82.14915340397457
1715.0,94.0578156588448
1716.0,86.20025626692292
1717.0,75.65720223164746
1718.0,58.25138336040685
1719.0,69.10339654249049
1720.0,113.75932113768555
1721.0,94.14096680989907
1722.0,87.23220699006161
1723.0,76.58253057187035
1724.0,123.3826194301531
1725.0,79.72464613431039
1726.0,105.19193265439759
1727.0,62.17678172679059
1728.0,93.60766270511006
1729.0,82.29645904121685
1730.0,52.87571883520671
1731.0,133.50823682029625
1732.0,87.1297358578734
1733.0,80.3639237322781
1734.0,62.219705516127355
1735.0,110.20589021632229
1736.0,141.1309505603063
1737.0,78.8776425002279
1738.0,230.3065590411749
1739.0,79.4390710279778
1740.0,64.64706755375715
1741.0,126.55467146474572
1742.0,64.56987913247707
1743.0,88.28805202188508
1744.0,153.2534594669691
1745.0,108.52520423645343
1746.0,161.10790550763588
1747.0,51.38440706778733
1748.0,50.56461862994648
1749.0,89.033298053895
1750.0,133.97112296397574
1751.0,112.53670332051678
1752.0,89.34048682614896
1753.0,115.95493889309682
1754.0,53.26213677241589
1755.0,129.92054339943968
1756.0,60.27818237381041
1757.0,69.89812202636833
1758.0,67.80198528537451
1759.0,83.16939774921099
1760.0,133.99882541754863
1761.0,64.12946283436122
1762.0,117.2127229124971
1763.0,112.84931082580722
1764.0,111.26922880305762
1765.0,76.54940802389028
1766.0,112.04971395641817
1767.0,147.60132037420686
1768.0,50.338871695410965
1769.0,69.21913646399075
1770.0,78.26446014646518
1771.0,162.88929081963013
1772.0,54.59384983484844
1773.0,74.08062712497572
1774.0,101.5440160763551
1775.0,78.47268681271942
1776.0,66.86229920959155
1777.0,90.89549416385867
1778.0,90.15852161984132
1779.0,88.73816154330373
1780.0,107.75011946419471
1781.0,90.19076156859694
1782.0,124.67026805023949
1783.0,87.18721098894686
1784.0,102.40880026762771
1785.0,91.4742127683488
1786.0,52.339606606311186
1787.0,65.6120078454592
1788.0,68.236207968706
1789.0,77.86718985337019
1790.0,65.53242868696458
1791.0,78.96778057234201
1792.0,103.09530902405987
1793.0,106.40487718759499
1794.0,82.89441436488342
1795.0,113.2576419243472
1796.0,67.99646794244472
1797.0,118.84182007444926
1798.0,82.37317060835002
1799.0,126.41234868556633
1800.0,114.22237244896466
1801.0,101.01167091445619
1802.0,68.25206996192735
1803.0,74.51927933537394
1804.0,166.76064094240195
1805.0,69.4652116658321
1806.0,73.06411012809889
1807.0,86.94778057924162
1808.0,77.73651162735662
1809.0,133.71585723856134
1810.0,92.4831863218285
1811.0,85.56029987092879
1812.0,90.78933210558449
1813.0,90.1424607996926
1814.0,82.86045964712581
1815.0,123.08905324616437
1816.0,67.01886902665032
1817.0,119.06996213244815
1818.0,61.36311395486933
1819.0,66.83523651015886
1820.0,72.77170642329911
1821.0,60.37675579007944
1822.0,75.84606652360164
1823.0,57.246489299247074
1824.0,70.00777989467373
1825.0,108.46341770226262
1826.0,95.72424473320146
1827.0,79.50941762391005
1828.0,134.0241500021908
1829.0,73.91418830016613
1830.0,107.23255295271075
1831.0,78.9303215837669
1832.0,75.4659125500178
1833.0,114.35109790909213
1834.0,116.41193633311771
1835.0,62.51157352582905
1836.0,62.68360091056229
1837.0,96.95098065161041
1838.0,102.84621899283883
1839.0,136.77782509686776
1840.0,153.90111426512505
1841.0,70.59532846298183
1842.0,62.860033446571
1843.0,123.83236912719627
1844.0,66.55174533258078
1845.0,57.66716641999839
1846.0,67.51643435644775
1847.0,67.57997098865427
1848.0,139.79856238202103
1849.0,116.86093540951876
1850.0,70.37747198098634
1851.0,112.75115167816661
1852.0,96.84405609468746
1853.0,130.03199762320293
1854.0,54.46968842534046
1855.0,197.05346648818286
1856.0,45.966481029490524
1857.0,101.55843338627177
1858.0,100.9546227503772
1859.0,173.7515215926922
1860.0,86.9215327777581
1861.0,113.08923730998613
1862.0,61.924058965753424
1863.0,89.9912015232018
1864.0,72.93136239142294
1865.0,74.31799980583905
1866.0,69.04313562585854
1867.0,106.49803344628862
1868.0,92.65007039897253
1869.0,109.4777382542182
1870.0,84.72087146319669
1871.0,71.95570963531351
1872.0,66.36862078505237
1873.0,104.79487409285703
1874.0,74.492421183804
1875.0,175.14188656627573
1876.0,69.75498848712726
1877.0,138.95033849149377
1878.0,74.6935118827699
1879.0,54.017896067440795
1880.0,93.72842477509543
1881.0,188.40856517301944
1882.0,107.77197652961932
1883.0,105.05868163009096
1884.0,142.5240456246697
1885.0,63.56052642508567
1886.0,90.59545143621519
1887.0,176.96866392250465
1888.0,112.31273584847173
1889.0,87.79671745095051
1890.0,142.90881238601122
1891.0,116.45578280863407
1892.0,110.65757174756594
1893.0,92.70942194897661
1894.0,74.38547274138368
1895.0,75.18028180851073
1896.0,93.97316206442949
1897.0,73.67440372469831
1898.0,93.47249429441818
1899.0,113.42006568528109
1900.0,50.53179997488632
1901.0,96.89831997706692
1902.0,111.01785552232663
1903.0,68.55795712298477
1904.0,61.1517801017535
1905.0,193.52280540667184
1906.0,49.8494694545441
1907.0,148.53376306951824
1908.0,110.20884762357595
1909.0,68.75053058843208
1910.0,99.29684785772133
1911.0,60.44674466777238
1912.0,74.89488143409406
1913.0,91.42237220190597
1914.0,91.38273613852016
1915.0,63.239456180452834
1916.0,124.83391367378847
1917.0,84.55183293534587
1918.0,70.6958838406872
1919.0,55.32238588351547
1920.0,83.02051108133533
1921.0,100.6962536681375
1922.0,124.99676978077089
1923.0,45.77363884600742
1924.0,93.17054417747964
1925.0,58.4772596247724
1926.0,70.95707177417813
1927.0,80.1486622873377
1928.0,114.10661572621696
1929.0,64.18279824809954
1930.0,102.5202587894574
1931.0,93.64183740790898
1932.0,155.43648574402076
1933.0,95.09606270276994
1934.0,89.82490933448824
1935.0,120.3230238621914
1936.0,95.43235303686858
1937.0,103.0266420078716
1938.0,157.03477253872222
1939.0,88.04317085922476
1940.0,74.6344238314024
1941.0,83.889338281987
1942.0,88.98149485728605
1943.0,117.29192922087194
1944.0,58.91253492205681
1945.0,105.57062633574691
1946.0,77.33538751658583
1947.0,156.5465269495429
1948.0,94.29364389140773
1949.0,95.89394102589148
1950.0,72.58137534570425
1951.0,152.35291099810203
1952.0,110.658385008396
1953.0,57.97365387915337
1954.0,111.16117291933726
1955.0,107.97942907736319
1956.0,119.54216007876774
1957.0,70.67224603103297
1958.0,91.98124913961487
1959.0,57.5092934819954
1960.0,113.61365315773962
1961.0,63.52684303557901
1962.0,70.5838967718284
1963.0,136.40793904707937
1964.0,90.55275369403299
1965.0,155.46278061371012
1966.0,62.33951240208833
1967.0,60.73983275401391
1968.0,110.6379307865424
1969.0,57.094082756033316
1970.0,86.75226189736742
1971.0,66.89902102380383
1972.0,88.337606572948
1973.0,66.49654719986648
1974.0,165.6400609665091
1975.0,84.65514182360332
1976.0,128.1251448994462
1977.0,79.3332666243232
1978.0,92.27962356925721
1979.0,56.51956595381965
1980.0,142.91041138877844
1981.0,55.114950436206556
1982.0,97.05897688003148
1983.0,69.05150212022608
1984.0,85.16221721931335
1985.0,74.58183103597702
1986.0,67.07785675111909
1987.0,125.00255725229457
1988.0,148.23597357773852
1989.0,98.8258716183541
1990.0,69.982829355774
1991.0,74.41820178899764
1992.0,119.49565789609454
1993.0,87.51579187060756
1994.0,168.46597407286282
1995.0,121.9400606499036
1996.0,117.67892479023759
1997.0,68.16582166179485
1998.0,134.98517665011545
1999.0,55.48161953060501
2000.0,52.74835345814071
2001.0,107.41571831830453
2002.0,64.93238051416591
2003.0,127.14311681646558
2004.0,81.83060189170978
2005.0,94.12521406418657
2006.0,118.32611512386899
2007.0,125.78814187354988
2008.0,61.22409151343142
2009.0,62.75998149717421
2010.0,53.99892935767177
2011.0,115.81055580762316
2012.0,105.32350499493784
2013.0,97.73187205421065
2014.0,108.89475093487546
2015.0,100.91567560547244
2016.0,113.27682695931746
2017.0,102.68808869402747
2018.0,50.06509381040453
2019.0,64.9641639600554
2020.0,77.95154455166625
2021.0,210.56199814927942
2022.0,118.15159105142607
2023.0,88.87241593267292
2024.0,65.96435696258987
2025.0,184.85781541269893
2026.0,73.09795020135137
2027.0,80.40661510697173
2028.0,79.12491902210989
2029.0,90.88490091962876
2030.0,65.67899827387542
2031.0,140.2819083076048
2032.0,117.43762113027122
2033.0,131.61114243629706
2034.0,99.96670074783769
2035.0,75.72882642768991
2036.0,83.73513333154413
2037.0,87.52894666498892
2038.0,68.77557046962059
2039.0,94.80057143857051
2040.0,123.24713813550008
2041.0,83.8441356936394
2042.0,97.43674429987965
2043.0,107.21515539667764
2044.0,149.4572689815551
2045.0,108.62818571019433
2046.0,60.48952891682831
2047.0,68.8256476606279
2048.0,95.94707506622355
2049.0,92.56484329390268
2050.0,131.7706834245706
2051.0,122.8287871136103
2052.0,67.875478522595
2053.0,121.51019318329662
2054.0,69.97418847441688
2055.0,90.92991326744654
2056.0,57.67185135868502
2057.0,96.73687292970016
2058.0,68.70672112221484
2059.0,106.55397718300895
2060.0,78.04857869872305
2061.0,78.80541143009938
2062.0,59.44218591547456
2063.0,186.75896334921768
2064.0,72.82030785746498
2065.0,96.62984277786447
2066.0,92.84434792965575
2067.0,80.41404202002462
2068.0,129.91445636013145
2069.0,90.74021837073882
2070.0,93.85411985563886
2071.0,144.26011037091126
2072.0,89.43850929575393
2073.0,130.80911461641386
2074.0,121.38003698389747
2075.0,110.25972407582107
2076.0,85.90763720236636
2077.0,89.3386175195306
2078.0,104.21712559635266
2079.0,88.17190095856073
2080.0,59.89835396029957
2081.0,72.32026369497832
2082.0,85.79340973922324
2083.0,110.2800006084225
2084.0,98.50000024015475
2085.0,75.09427302723148
2086.0,67.7922317558816
2087.0,88.40862801138093
2088.0,95.49266461715615
2089.0,75.13558530084975
2090.0,159.90320541839972
2091.0,144.3735442214492
2092.0,71.25144055374987
2093.0,96.08659055276702
2094.0,100.6146132765456
2095.0,64.07870456945297
2096.0,116.01570321678605
2097.0,60.33915260596669
2098.0,99.83307537306723
2099.0,111.02822237644662
2100.0,66.31231453219105
2101.0,53.86518847645841
2102.0,126.1874083400192
2103.0,159.45491163486884
2104.0,78.68595092591325
2105.0,107.22338951674013
2106.0,102.81949280499417
2107.0,66.31309285638957
2108.0,64.1679900713714
2109.0,81.30937640080784
2110.0,61.27846001495818
2111.0,66.19098546691183
2112.0,145.38463638384107
2113.0,80.34347143242863
2114.0,89.15379567451308
2115.0,58.682441343234245
2116.0,112.83888083142497
2117.0,141.88655608914178
2118.0,49.606709894733505
2119.0,102.30090160178815
2120.0,51.67013183391239
2121.0,135.50074844529914
2122.0,54.09883368650932
2123.0,128.0822521867791
2124.0,139.01121672387592
2125.0,81.06958244190943
2126.0,73.93391975753882
2127.0,66.67499308175508
2128.0,101.3552118191401
2129.0,91.89046605480559
2130.0,84.98966625826898
2131.0,80.70241147771713
2132.0,70.51482347558142
2133.0,103.8332450842847
2134.0,102.56162572526108
2135.0,93.30589327949748
2136.0,97.28804982066389
2137.0,85.53704937036694
2138.0,80.0071257762176
2139.0,133.74242901650393
2140.0,90.58497043401452
2141.0,92.38862195104362
2142.0,76.43459122165191
2143.0,91.05640090382512
2144.0,50.09440503310569
2145.0,86.2366354113899
2146.0,69.62654245055768
2147.0,109.05050182366107
2148.0,54.12605770872498
2149.0,104.21860121496589
2150.0,68.68828250323726
2151.0,103.88357898130164
2152.0,103.8544700866085
2153.0,63.625611682029344
2154.0,61.131862305402336
2155.0,76.90916804702906
2156.0,118.04801573535754
2157.0,111.22293738944532
2158.0,68.86783403536026
2159.0,122.88247642195422
2160.0,64.44835501926381
2161.0,117.80681394261387
2162.0,81.36807369601678
2163.0,53.58584030317687
2164.0,69.01931706186672
2165.0,66.70717207710665
2166.0,93.42708796706488
2167.0,68.42249422094102
2168.0,97.65341080120562
2169.0,110.9557026109815
2170.0,95.47974330328208
2171.0,96.67709018465693
2172.0,66.73992622105021
2173.0,110.81576151733897
2174.0,132.80702549719933
2175.0,70.03727939104638
2176.0,65.6297936930352
2177.0,117.53911908633351
2178.0,58.06598773518134
2179.0,82.57725902654549
2180.0,62.2004161495444
2181.0,94.2362507651689
2182.0,119.43258373402152
2183.0,73.33049252009425
2184.0,105.84974772841463
2185.0,133.5825154045581
2186.0,83.95447746978435
2187.0,83.34760826241806
2188.0,151.67055318847142
2189.0,71.66956562430987
2190.0,137.60328253240667
2191.0,118.11044886695251
2192.0,64.59307858683772
2193.0,209.38977830812144
2194.0,96.42851647229615
2195.0,71.86543936584158
2196.0,100.55356195026353
2197.0,102.95781855981089
2198.0,83.68446324251796
2199.0,87.19087364648324
2200.0,67.4627766381911
2201.0,98.5025195577582
2202.0,76.4870076272213
2203.0,83.45989117589816
2204.0,62.14351108938305
2205.0,70.39999145111068
2206.0,90.51563636054044
2207.0,81.66658502008451
2208.0,140.09568321075125
2209.0,75.65211063088684
2210.0,58.14751891138313
2211.0,66.98982954970316
2212.0,80.01691685518668
2213.0,136.55184154967048
2214.0,79.42468447376103
2215.0,88.12931906189317
2216.0,137.38353639629702
2217.0,107.92974301917621
2218.0,119.55964211661768
2219.0,93.06778622546841
2220.0,87.59230684059456
2221.0,129.31977059220873
2222.0,90.57980271282963
2223.0,96.82331845996612
2224.0,58.711435190910635
2225.0,58.56334926193492
2226.0,86.91273388458956
2227.0,73.1201756070537
2228.0,88.59444941721898
2229.0,110.25822772377684
2230.0,82.90214238698167
2231.0,93.75929178134571
2232.0,91.93099529355872
2233.0,82.7488782674693
2234.0,77.84513040863892
2235.0,103.25373590211329
2236.0,63.015325623081935
2237.0,108.54158985530002
2238.0,113.67241776536959
2239.0,109.02682242272195
2240.0,99.91159959107628
2241.0,159.94309000266728
2242.0,46.719542784124975
2243.0,177.5049459682199
2244.0,97.92098538040499
2245.0,108.97490484824031
2246.0,66.76154168464495
2247.0,62.45867232326795
2248.0,150.15391596454305
2249.0,107.45016195370553
2250.0,80.69738624103037
2251.0,77.22254709888992
2252.0,159.39597569943953
2253.0,174.57555807704549
2254.0,115.54060976733601
2255.0,81.32550145241716
2256.0,78.36949891249584
2257.0,92.08676254585188
2258.0,123.02585271520131
2259.0,88.22886355847191
2260.0,86.24809194815015
2261.0,72.14996846673526
2262.0,86.61438451452675
2263.0,133.93899833644153
2264.0,113.83281116042099
2265.0,90.14791402519353
2266.0,49.3859899838082
2267.0,108.2992460531325
2268.0,97.25200921870852
2269.0,68.4437648319417
2270.0,122.71365664697474
2271.0,67.53655515469215
2272.0,115.43743103934747
2273.0,145.15988479195377
2274.0,77.06936833243356
2275.0,73.75765243711415
2276.0,136.91951266883243
2277.0,77.06984602465835
2278.0,106.72958946692799
2279.0,84.13171177942928
2280.0,82.42223162214373
2281.0,59.91732972341784
2282.0,78.31443032122388
2283.0,96.82684456273182
2284.0,100.15718338281783
2285.0,118.90615958349697
2286.0,63.832131622951266
2287.0,79.28832693313711
2288.0,56.26661449247036
2289.0,99.03497576523665
2290.0,59.402741172925566
2291.0,68.41015750525612
2292.0,75.15159104467484
2293.0,69.59277239525295
2294.0,194.73635247483696
2295.0,117.30300957660081
2296.0,62.57322082598127
2297.0,93.89572089120401
2298.0,85.0329179807563
2299.0,88.601232299785
2300.0,47.43086681788698
2301.0,82.157063131063
2302.0,107.7592716620501
2303.0,113.747899766515
2304.0,65.07365671149815
2305.0,136.77310707187507
2306.0,105.02825208828673
2307.0,149.28376128764836
2308.0,60.19798431472774
2309.0,47.52027864610713
2310.0,91.15868218458363
2311.0,101.61224122404927
2312.0,94.14685779937624
2313.0,151.61773167623858
2314.0,77.06474553231122
2315.0,92.97440665944536
2316.0,93.31011747841777
2317.0,111.63281009009208
2318.0,108.06373265744229
2319.0,96.37968239257842
2320.0,64.52696864237309
2321.0,72.45276848364301
2322.0,73.62040998081885
2323.0,90.99910905039596
2324.0,86.02758944581572
2325.0,80.02778484611073
2326.0,85.65114272915949
2327.0,60.02421311143868
2328.0,86.86835575210245
2329.0,55.24767861788402
2330.0,85.18895231642455
2331.0,120.15848015543007
2332.0,146.93745952216065
2333.0,92.27007409810943
2334.0,96.47420574578875
2335.0,97.54739347233944
2336.0,116.11292673964502
2337.0,70.2172560733234
2338.0,69.45663829798418
2339.0,64.55326994566414
2340.0,125.04273364190976
2341.0,86.9419127798138
2342.0,123.28493481056313
2343.0,90.24504435936939
2344.0,179.70824456726976
2345.0,57.71098527198472
2346.0,48.9559841050021
2347.0,95.81044782935436
2348.0,67.30790101490733
2349.0,107.81283605121857
2350.0,96.81366475064713
2351.0,56.22953955985439
2352.0,90.81559988561311
2353.0,61.64178499460028
2354.0,59.68091441021963
2355.0,80.09387824135814
2356.0,64.72156154681944
2357.0,104.6562790751546
2358.0,156.0105237435611
2359.0,99.91860624473935
2360.0,128.9180592441787
2361.0,92.61397319560363
2362.0,167.28984567046334
2363.0,108.2946391476749
2364.0,91.98417926516244
2365.0,180.47994363747026
2366.0,61.54636789612809
2367.0,101.8464000885857
2368.0,175.72577704424518
2369.0,69.57350081835104
2370.0,103.65151897850757
2371.0,163.11592034759784
2372.0,61.592393533090814
2373.0,74.12970525550934
2374.0,101.74345063794907
2375.0,120.47806929367653
2376.0,65.3200090675077
2377.0,77.01071895540443
2378.0,70.06153193203073
2379.0,45.207659915534734
2380.0,117.6178560438995
2381.0,134.35764608406373
2382.0,97.10559181645422
2383.0,56.79674026530884
2384.0,88.91473941512389
2385.0,120.433758101931
2386.0,83.95651525450818
2387.0,72.80015348459281
2388.0,107.84565062033145
2389.0,66.24698682587555
2390.0,85.0683906676504
2391.0,91.54587131097622
2392.0,106.35816193690799
2393.0,166.9511507688473
2394.0,107.91360987762897
2395.0,169.9037168651991
2396.0,78.97512719145315
2397.0,60.84191955923508
2398.0,67.28208405972148
2399.0,89.76770605260381
2400.0,104.38279298108512
2401.0,94.41659948194359
2402.0,111.80452732453142
2403.0,84.36769756065426
2404.0,68.61058732132383
2405.0,84.62430983776655
2406.0,66.13441531370688
2407.0,108.86801015719237
2408.0,75.94511487103786
2409.0,125.93391703184423
2410.0,83.02576619583546
2411.0,54.9519467804939
2412.0,63.48361214469604
2413.0,106.2069137638815
2414.0,92.04874295777086
2415.0,70.0134287341773
2416.0,85.85655170615064
2417.0,94.47378582710093
2418.0,155.23639990431846
2419.0,117.19461022898147
2420.0,82.6717738138895
2421.0,138.35344538759142
2422.0,77.40261982487128
2423.0,93.81747395005893
2424.0,59.55800877839599
2425.0,88.21247957020452
2426.0,61.615034804990415
2427.0,81.50039834514264
2428.0,157.77309600209986
2429.0,125.49458588729064
2430.0,56.526284474169124
2431.0,64.18646302604297
2432.0,80.39846278879821
2433.0,117.81112530724512
2434.0,62.924164750667245
2435.0,159.02004913290216
2436.0,80.19528922596021
2437.0,133.43976442667608
2438.0,87.61934940887572
2439.0,53.0547234936392
2440.0,217.33346154416213
2441.0,110.1828920597355
2442.0,76.37056495322912
2443.0,103.32816356611724
2444.0,131.94244901125418
2445.0,85.90259272748284
2446.0,89.6661588303755
2447.0,130.83715193013717
2448.0,55.62748984526675
2449.0,118.81873361235957
2450.0,89.14101543375482
2451.0,75.6834071831627
2452.0,148.23061815092953
2453.0,83.22891789329799
2454.0,109.65476230489799
2455.0,68.56403781668195
2456.0,89.69902849735044
2457.0,92.38747047997163
2458.0,70.40088856771168
2459.0,71.38668736495606
2460.0,59.66572654574978
2461.0,65.0880929772252
2462.0,133.85127705717488
2463.0,66.26121105439998
2464.0,54.04327443448688
2465.0,56.439397640650746
2466.0,99.4214326872099
2467.0,95.70841148927651
2468.0,72.73816730767875
2469.0,54.91287801652862
2470.0,95.0455378412354
2471.0,108.35997173450816
2472.0,84.91670985064424
2473.0,96.75140352204319
2474.0,143.07110195349335
2475.0,72.78424678268054
2476.0,73.04733089587933
2477.0,88.02511089479196
2478.0,82.08384892120976
2479.0,167.95819821210088
2480.0,64.30265016023074
2481.0,113.29372529628944
2482.0,78.238206717001
2483.0,112.67987655350116
2484.0,122.54448478533247
2485.0,147.84656904031394
2486.0,130.03195859044305
2487.0,103.00764805382228
2488.0,60.17410661392449
2489.0,70.11915141986441
2490.0,68.23693021964749
2491.0,94.63956318615789
2492.0,68.5393219500856
2493.0,126.58261606416808
2494.0,127.64109337278745
2495.0,57.76922091931858
2496.0,115.08571289185387
2497.0,71.75899669578668
2498.0,53.8503983431781
2499.0,62.512576997707306
2500.0,97.09860767099032
2501.0,169.5182554973157
2502.0,98.02550806251267
2503.0,70.48305858440324
2504.0,70.48414062589364
2505.0,119.48407784958155
2506.0,49.091509967384276
2507.0,122.42860618813432
2508.0,115.81043006610402
2509.0,83.21181581493633
2510.0,80.9464945690666
2511.0,71.64385493051903
2512.0,123.36407273869324
2513.0,159.63235882554585
